numéro_département,préfecture,nom_commune,latitude,longitude
1,Bourg-en-Bresse,Bourg-en-Bresse,46.2,5.216667
2,Laon,Laon,49.566666999999995,3.616667
2A,Ajaccio,Ajaccio,41.916667,8.733333
2B,Bastia,Bastia,42.7,9.45
3,Moulins,Moulins,46.566666999999995,3.333333
4,Digne-les-Bains,Digne-les-Bains,44.0,9
5,Gap,Gap,44.566666999999995,6.083333
6,Nice,Nice,43.7,7.25
7,Privas,Privas,44.733333,4.6
8,Charleville-Mézières,Charleville-Mézières,49.766667,4.716667
9,Foix,Foix,42.966667,1.6
10,Troyes,Troyes,48.3,4.083333
11,Carcassonne,Carcassonne,43.216667,2.35
12,Rodez,Rodez,44.333333,2.566667
13,Marseille,Marseille,43.296482,5.369779999999992
14,Caen,Caen,49.183333000000005,-0.35
15,Aurillac,Aurillac,44.916667,2.45
16,Angoulême,Angoulême,45.65,0.15
17,La Rochelle,La Rochelle,46.166667,-1.15
18,Bourges,Bourges,47.083333,2.4
19,Tulle,Tulle,45.266667,1.766667
21,Dijon,Dijon,47.316666999999995,5.016667
22,Saint-Brieuc,Saint-Brieuc,48.516667,-2.783333
23,Guéret,Guéret,46.166667,1.866667
24,Périgueux,Périgueux,45.183333000000005,0.716667
25,Besançon,Besançon,47.25,6.033333
26,Valence,Valence,44.933333000000005,4.9
27,Evreux,Evreux,49.0270129,1.1513609999999517
28,Chartres,Chartres,48.45,1.5
29,Quimper,Quimper,48.0,-4.1
30,Nîmes,Nîmes,43.833333,4.35
31,Toulouse,Toulouse,43.6,1.433333
32,Auch,Auch,43.65,0.583333
33,Bordeaux,Bordeaux,44.833333,-0.566667
34,Montpellier,Montpellier,43.6,3.883333
35,Rennes,Rennes,48.083333,-1.683333
36,Châteauroux,Châteauroux,46.816666999999995,1.7
37,Tours,Tours,47.383333,0.683333
38,Grenoble,Grenoble,45.166667,5.716667
39,Lons-le-Saunier,Lons-le-Saunier,46.666667,5.55
40,Mont-de-Marsan,Mont-de-Marsan,43.883333,-0.5
41,Blois,Blois,47.583333,1.333333
42,Saint-Etienne,Saint-Etienne,45.439695,4.387177899999983
43,Le Puy-en-Velay,Le Puy-en-Velay,45.0,4
44,Nantes,Nantes,47.216667,-1.55
45,Orléans,Orléans,47.916667,1.9
46,Cahors,Cahors,44.433333000000005,1.433333
47,Agen,Agen,44.2,0.633333
48,Mende,Mende,44.516667,3.5
49,Angers,Angers,47.466667,-0.55
50,Saint-Lô,Saint-Lô,49.116667,-1.083333
51,Châlons-en-Champagne,Châlons-en-Champagne,48.958333,4.366667
52,Chaumont,Chaumont,48.116667,5.133333
53,Laval,Laval,48.066666999999995,-0.766667
54,Nancy,Nancy,48.683333000000005,6.2
55,Bar-le-Duc,Bar-le-Duc,48.783333,5.166667
56,Vannes,Vannes,47.666667,-2.75
57,Metz,Metz,49.133333,6.166667
58,Nevers,Nevers,46.983333,3.166667
59,Lille,Lille,50.633333,3.066667
60,Beauvais,Beauvais,49.433333000000005,2.083333
61,Alençon,Alençon,48.433333000000005,0.083333
62,Arras,Arras,50.283333,2.783333
63,Clermont-Ferrand,Clermont-Ferrand,45.783333,3.083333
64,Pau,Pau,43.3,-0.366667
65,Tarbes,Tarbes,43.233333,0.083333
66,Perpignan,Perpignan,42.683333000000005,2.883333
67,Strasbourg,Strasbourg,48.583333,7.75
68,Colmar,Colmar,48.083333,7.366667
69,Lyon,Lyon,45.75,4.85
70,Vesoul,Vesoul,47.633333,6.166667
71,Mâcon,Mâcon,46.3,4.833333
72,Le Mans,Le Mans,48.0,0.2
73,Chambéry,Chambéry,45.566666999999995,5.933333
74,Annecy,Annecy,45.9,6.116667
75,Paris,Paris,48.866667,2.333333
76,Rouen,Rouen,49.433333000000005,1.083333
77,Melun,Melun,48.533333,2.666667
78,Versailles,Versailles,48.8,2.133333
79,Niort,Niort,46.316666999999995,-0.466667
80,Amiens,Amiens,49.9,2.3
81,Albi,Albi,43.933333000000005,2.15
82,Montauban,Montauban,44.016667,1.35
83,Toulon,Toulon,43.116667,5.933333
84,Avignon,Avignon,43.95,4.816667
85,La Roche-sur-Yon,La Roche-sur-Yon,46.666667,-1.433333
86,Poitiers,Poitiers,46.583333,0.333333
87,Limoges,Limoges,45.85,1.25
88,Epinal,Epinal,48.172402,6.449402999999961
89,Auxerre,Auxerre,47.8,3.566667
90,Belfort,Belfort,47.633333,6.866667
91,Evry,Evry,48.629828,2.4417819999999892
92,Nanterre,Nanterre,48.9,2.2
93,Bobigny,Bobigny,48.9,2.45
94,Créteil,Créteil,48.783333,2.466667
95,Cergy,Cergy,49.033333,2.066667
